{
    "name": "root",
    "metadata": {
        "timer_format_version": "0.1.0",
        "start_time_seconds": "1741727388",
        "python_version": "3.9.13 (main, Aug 25 2022, 23:51:50) [MSC v.1916 64 bit (AMD64)]",
        "command_line_arguments": "C:\\Users\\Jsplr\\anaconda3\\Scripts\\mlagents-learn ./trainer_config.yaml --run-id prs_08",
        "mlagents_version": "0.30.0",
        "mlagents_envs_version": "0.30.0",
        "communication_protocol_version": "1.5.0",
        "pytorch_version": "1.13.1+cu117",
        "numpy_version": "1.21.2",
        "end_time_seconds": "1741728039"
    },
    "total": 650.5351334000001,
    "count": 1,
    "self": 0.004724399999986417,
    "children": {
        "run_training.setup": {
            "total": 0.11314029999999997,
            "count": 1,
            "self": 0.11314029999999997
        },
        "TrainerController.start_learning": {
            "total": 650.4172687,
            "count": 1,
            "self": 2.030404700004965,
            "children": {
                "TrainerController._reset_env": {
                    "total": 8.4350932,
                    "count": 1,
                    "self": 8.4350932
                },
                "TrainerController.advance": {
                    "total": 639.7580154999952,
                    "count": 62984,
                    "self": 0.8189260999895396,
                    "children": {
                        "env_step": {
                            "total": 638.9390894000056,
                            "count": 62984,
                            "self": 504.0721938000147,
                            "children": {
                                "SubprocessEnvManager._take_step": {
                                    "total": 133.94243409999052,
                                    "count": 62984,
                                    "self": 6.272779499995849,
                                    "children": {
                                        "TorchPolicy.evaluate": {
                                            "total": 127.66965459999467,
                                            "count": 62984,
                                            "self": 127.66965459999467
                                        }
                                    }
                                },
                                "workers": {
                                    "total": 0.9244615000004082,
                                    "count": 62983,
                                    "self": 0.0,
                                    "children": {
                                        "worker_root": {
                                            "total": 576.4721393000011,
                                            "count": 62983,
                                            "is_parallel": true,
                                            "self": 220.30538320000477,
                                            "children": {
                                                "steps_from_proto": {
                                                    "total": 0.00035600000000002296,
                                                    "count": 1,
                                                    "is_parallel": true,
                                                    "self": 9.839999999883275e-05,
                                                    "children": {
                                                        "_process_rank_one_or_two_observation": {
                                                            "total": 0.0002576000000011902,
                                                            "count": 2,
                                                            "is_parallel": true,
                                                            "self": 0.0002576000000011902
                                                        }
                                                    }
                                                },
                                                "UnityEnvironment.step": {
                                                    "total": 356.16640009999634,
                                                    "count": 62983,
                                                    "is_parallel": true,
                                                    "self": 6.659646899991401,
                                                    "children": {
                                                        "UnityEnvironment._generate_step_input": {
                                                            "total": 10.208041500000089,
                                                            "count": 62983,
                                                            "is_parallel": true,
                                                            "self": 10.208041500000089
                                                        },
                                                        "communicator.exchange": {
                                                            "total": 322.80851159999816,
                                                            "count": 62983,
                                                            "is_parallel": true,
                                                            "self": 322.80851159999816
                                                        },
                                                        "steps_from_proto": {
                                                            "total": 16.490200100006664,
                                                            "count": 62983,
                                                            "is_parallel": true,
                                                            "self": 7.11112860000636,
                                                            "children": {
                                                                "_process_rank_one_or_two_observation": {
                                                                    "total": 9.379071500000304,
                                                                    "count": 125966,
                                                                    "is_parallel": true,
                                                                    "self": 9.379071500000304
                                                                }
                                                            }
                                                        }
                                                    }
                                                }
                                            }
                                        }
                                    }
                                }
                            }
                        }
                    }
                },
                "TrainerController._save_models": {
                    "total": 0.19375529999990704,
                    "count": 1,
                    "self": 0.0013697999999067179,
                    "children": {
                        "RLTrainer._checkpoint": {
                            "total": 0.19238550000000032,
                            "count": 1,
                            "self": 0.19238550000000032
                        }
                    }
                }
            }
        }
    }
}