{
    "name": "root",
    "metadata": {
        "timer_format_version": "0.1.0",
        "start_time_seconds": "1741729112",
        "python_version": "3.9.13 (main, Aug 25 2022, 23:51:50) [MSC v.1916 64 bit (AMD64)]",
        "command_line_arguments": "C:\\Users\\Jsplr\\anaconda3\\Scripts\\mlagents-learn ./trainer_config.yaml --run-id prs_12",
        "mlagents_version": "0.30.0",
        "mlagents_envs_version": "0.30.0",
        "communication_protocol_version": "1.5.0",
        "pytorch_version": "1.13.1+cu117",
        "numpy_version": "1.21.2",
        "end_time_seconds": "1741730034"
    },
    "total": 922.1285417,
    "count": 1,
    "self": 0.011080299999889576,
    "children": {
        "run_training.setup": {
            "total": 0.10955120000000007,
            "count": 1,
            "self": 0.10955120000000007
        },
        "TrainerController.start_learning": {
            "total": 922.0079102000001,
            "count": 1,
            "self": 1.3197290999966071,
            "children": {
                "TrainerController._reset_env": {
                    "total": 9.9556897,
                    "count": 1,
                    "self": 9.9556897
                },
                "TrainerController.advance": {
                    "total": 910.2839609000034,
                    "count": 40474,
                    "self": 0.5318233000032251,
                    "children": {
                        "env_step": {
                            "total": 909.7521376000002,
                            "count": 40474,
                            "self": 825.8064307000038,
                            "children": {
                                "SubprocessEnvManager._take_step": {
                                    "total": 83.33997689999435,
                                    "count": 40474,
                                    "self": 3.9090709999985194,
                                    "children": {
                                        "TorchPolicy.evaluate": {
                                            "total": 79.43090589999584,
                                            "count": 40474,
                                            "self": 79.43090589999584
                                        }
                                    }
                                },
                                "workers": {
                                    "total": 0.6057300000020227,
                                    "count": 40473,
                                    "self": 0.0,
                                    "children": {
                                        "worker_root": {
                                            "total": 408.0873797999981,
                                            "count": 40473,
                                            "is_parallel": true,
                                            "self": 137.63535269999892,
                                            "children": {
                                                "steps_from_proto": {
                                                    "total": 0.0005193999999999477,
                                                    "count": 1,
                                                    "is_parallel": true,
                                                    "self": 0.0002393999999998897,
                                                    "children": {
                                                        "_process_rank_one_or_two_observation": {
                                                            "total": 0.000280000000000058,
                                                            "count": 2,
                                                            "is_parallel": true,
                                                            "self": 0.000280000000000058
                                                        }
                                                    }
                                                },
                                                "UnityEnvironment.step": {
                                                    "total": 270.4515076999992,
                                                    "count": 40473,
                                                    "is_parallel": true,
                                                    "self": 4.143061399998601,
                                                    "children": {
                                                        "UnityEnvironment._generate_step_input": {
                                                            "total": 6.392465799996417,
                                                            "count": 40473,
                                                            "is_parallel": true,
                                                            "self": 6.392465799996417
                                                        },
                                                        "communicator.exchange": {
                                                            "total": 249.62546909999907,
                                                            "count": 40473,
                                                            "is_parallel": true,
                                                            "self": 249.62546909999907
                                                        },
                                                        "steps_from_proto": {
                                                            "total": 10.2905114000051,
                                                            "count": 40473,
                                                            "is_parallel": true,
                                                            "self": 4.383426200000063,
                                                            "children": {
                                                                "_process_rank_one_or_two_observation": {
                                                                    "total": 5.907085200005037,
                                                                    "count": 80946,
                                                                    "is_parallel": true,
                                                                    "self": 5.907085200005037
                                                                }
                                                            }
                                                        }
                                                    }
                                                }
                                            }
                                        }
                                    }
                                }
                            }
                        }
                    }
                },
                "TrainerController._save_models": {
                    "total": 0.4485305000000608,
                    "count": 1,
                    "self": 0.0019830999999612686,
                    "children": {
                        "RLTrainer._checkpoint": {
                            "total": 0.4465474000000995,
                            "count": 1,
                            "self": 0.4465474000000995
                        }
                    }
                }
            }
        }
    }
}